ground_truth_id,match_status,fsi_event_date,fsi_latitude,fsi_longitude,state,district,division,range,site_group_id,firms_latitude,firms_longitude,distance_to_fsi_m,firms_source,satellite,confidence,daynight,frp,same_day_nearby_matches,label_status,stage_a_label,stage_b_label,ground_truth_source,source_batch,training_candidate_id
GT-FF-001,MATCHED,2026-04-19,8.21423,93.18504,ANDAMAN AND NICOBAR ISLANDS,NICOBARS,GREAT NICOBAR DIVISION,KATCHAL RANGE,andaman_and_nicobar_islands__nicobars,8.21026,93.18736,510.0,VIIRS_SNPP_SP,N,h,D,11.49,3.0,VERIFIED,FOREST,NOT_APPLICABLE,FOREST_SURVEY_OF_INDIA_VIIRS,1,FF-001
GT-FF2-001,MATCHED,2026-04-19,8.21628,93.19609,ANDAMAN AND NICOBAR ISLANDS,NICOBARS,GREAT NICOBAR DIVISION,KATCHAL RANGE,andaman_and_nicobar_islands__nicobars,8.21633,93.19728,131.1,VIIRS_SNPP_SP,N,h,D,11.02,8.0,VERIFIED,FOREST,NOT_APPLICABLE,FOREST_SURVEY_OF_INDIA_VIIRS,2,FF-002
GT-FF-002,MATCHED,2026-04-20,12.55408,92.70701,ANDAMAN AND NICOBAR ISLANDS,NORTH AND MIDDLE ANDAMAN,MIDDLE ANDAMAN DIVISION,BAKULTALA RANGE,andaman_and_nicobar_islands__north_and_middle_andaman,12.55438,92.70668,48.9,VIIRS_SNPP_SP,N,n,D,7.03,2.0,VERIFIED,FOREST,NOT_APPLICABLE,FOREST_SURVEY_OF_INDIA_VIIRS,1,FF-003
GT-FF2-003,MATCHED,2026-04-27,17.61089,81.49812,ANDHRA PRADESH,ALLURI SITHARAMA RAJU,CHINTUR DIVISION,CHINTUR RANGE,andhra_pradesh__alluri_sitharama_raju,17.61248,81.49784,179.3,VIIRS_NOAA20_SP,N20,l,D,2.84,7.0,VERIFIED,FOREST,NOT_APPLICABLE,FOREST_SURVEY_OF_INDIA_VIIRS,2,FF-004
GT-FF2-004,MATCHED,2026-04-26,17.54399,82.38042,ANDHRA PRADESH,ANAKAPALLI,ANAKAPALLI DIVISION,NARSIPATNAM RANGE,andhra_pradesh__anakapalli,17.54383,82.38064,29.3,VIIRS_SNPP_SP,N,l,D,1.87,1.0,VERIFIED,FOREST,NOT_APPLICABLE,FOREST_SURVEY_OF_INDIA_VIIRS,2,FF-005
GT-FF-004,MATCHED,2026-04-27,17.63647,82.50932,ANDHRA PRADESH,ANAKAPALLI,ANAKAPALLI DIVISION,NARSIPATNAM RANGE,andhra_pradesh__anakapalli,17.63488,82.51476,603.0,VIIRS_NOAA20_SP,N20,l,D,1.49,1.0,VERIFIED,FOREST,NOT_APPLICABLE,FOREST_SURVEY_OF_INDIA_VIIRS,1,FF-006
GT-FF-006,MATCHED,2026-04-27,13.79655,79.19142,ANDHRA PRADESH,ANNAMAYYA,ANNAMAYYA DIVISION,SVNP BALAPALLI RANGE,andhra_pradesh__annamayya,13.7991,79.19691,657.2,VIIRS_NOAA20_SP,N20,l,D,3.71,1.0,VERIFIED,FOREST,NOT_APPLICABLE,FOREST_SURVEY_OF_INDIA_VIIRS,1,FF-007
GT-FF2-008,MATCHED,2026-04-04,24.98394,86.51749,BIHAR,BANKA,BANKA DIVISION,BANKA RANGE,bihar__banka,24.98384,86.51819,71.4,VIIRS_SNPP_SP,N,n,D,4.49,4.0,VERIFIED,FOREST,NOT_APPLICABLE,FOREST_SURVEY_OF_INDIA_VIIRS,2,FF-008
GT-FF-008,MATCHED,2026-04-05,24.72031,86.5759,BIHAR,BANKA,BANKA DIVISION,KATORIA RANGE,bihar__banka,24.72016,86.57629,42.8,VIIRS_SNPP_SP,N,n,D,2.63,1.0,VERIFIED,FOREST,NOT_APPLICABLE,FOREST_SURVEY_OF_INDIA_VIIRS,1,FF-009
GT-FF2-009,MATCHED,2026-04-23,25.6072,84.62025,BIHAR,BHOJPUR,BHOJPUR DIVISION,ARAH RANGE,bihar__bhojpur,25.60715,84.62085,60.4,VIIRS_SNPP_SP,N,l,D,2.6,4.0,VERIFIED,FOREST,NOT_APPLICABLE,FOREST_SURVEY_OF_INDIA_VIIRS,2,FF-010
GT-FF-009,MATCHED,2026-04-24,25.4364,84.40001,BIHAR,BHOJPUR,BHOJPUR DIVISION,PIRO RANGE,bihar__bhojpur,25.4356,84.40087,124.0,VIIRS_SNPP_SP,N,l,D,4.53,7.0,VERIFIED,FOREST,NOT_APPLICABLE,FOREST_SURVEY_OF_INDIA_VIIRS,1,FF-011
GT-FF-010,MATCHED,2026-04-20,25.38326,84.20761,BIHAR,BUXAR,BHOJPUR DIVISION,BUXER RANGE,bihar__buxar,25.38311,84.20802,44.4,VIIRS_SNPP_SP,N,n,D,4.78,3.0,VERIFIED,FOREST,NOT_APPLICABLE,FOREST_SURVEY_OF_INDIA_VIIRS,1,FF-012
GT-FF-012,MATCHED,2026-04-24,21.48842,82.49699,CHHATTISGARH,BALODABAZAR BHATAPAA,BALODA BAZAR DIVISION,KOTHARI RANGE,chhattisgarh__balodabazar_bhatapaa,21.48828,82.49776,81.2,VIIRS_SNPP_SP,N,l,D,3.09,3.0,VERIFIED,FOREST,NOT_APPLICABLE,FOREST_SURVEY_OF_INDIA_VIIRS,1,FF-013
GT-FF2-012,MATCHED,2026-04-24,21.49063,82.49848,CHHATTISGARH,BALODABAZAR BHATAPAA,BALODA BAZAR DIVISION,KOTHARI RANGE,chhattisgarh__balodabazar_bhatapaa,21.49051,82.49931,86.9,VIIRS_SNPP_SP,N,n,D,6.33,3.0,VERIFIED,FOREST,NOT_APPLICABLE,FOREST_SURVEY_OF_INDIA_VIIRS,2,FF-014
GT-FF2-013,MATCHED,2026-04-27,23.24626,83.80602,CHHATTISGARH,BALRAMPUR,BALRAMPUR DIVISION,KUSMI RANGE,chhattisgarh__balrampur,23.24201,83.81081,680.3,VIIRS_NOAA20_SP,N20,l,D,4.23,2.0,VERIFIED,FOREST,NOT_APPLICABLE,FOREST_SURVEY_OF_INDIA_VIIRS,2,FF-015
GT-FF2-015,MATCHED,2026-04-08,15.7018,73.84026,GOA,NORTH GOA,NORTH GOA TERITORIAL DIVISION,PERNEM RANGE,goa__north_goa,15.70171,73.84052,29.6,VIIRS_SNPP_SP,N,n,D,2.93,1.0,VERIFIED,FOREST,NOT_APPLICABLE,FOREST_SURVEY_OF_INDIA_VIIRS,2,FF-016
GT-FF-015,MATCHED,2026-04-13,15.37787,74.02298,GOA,NORTH GOA,NORTH GOA TERITORIAL DIVISION,PONDA RANGE,goa__north_goa,15.37776,74.02325,31.4,VIIRS_SNPP_SP,N,n,D,6.3,1.0,VERIFIED,FOREST,NOT_APPLICABLE,FOREST_SURVEY_OF_INDIA_VIIRS,1,FF-017
GT-FF-016,MATCHED,2026-04-20,15.35127,74.20342,GOA,SOUTH GOA,NORTH GOA TERITORIAL DIVISION,COLEM RANGE,goa__south_goa,15.35117,74.20395,57.9,VIIRS_SNPP_SP,N,n,D,8.83,5.0,VERIFIED,FOREST,NOT_APPLICABLE,FOREST_SURVEY_OF_INDIA_VIIRS,1,FF-018
GT-FF-017,MATCHED,2026-04-27,20.91116,71.45995,GUJARAT,AMRELI,GIR EAST DIVISION,TULSHISHYAM RANGE,gujarat__amreli,20.91107,71.46077,85.8,VIIRS_SNPP_SP,N,l,D,1.55,4.0,VERIFIED,FOREST,NOT_APPLICABLE,FOREST_SURVEY_OF_INDIA_VIIRS,1,FF-019
GT-FF-018,MATCHED,2026-04-27,23.5901,73.41129,GUJARAT,ARVALLI,SABARKANTHA SOUTH FOREST DIVISION,MEGHRAJ RANGE,gujarat__arvalli,23.58997,73.41253,127.2,VIIRS_SNPP_SP,N,n,D,5.67,1.0,VERIFIED,FOREST,NOT_APPLICABLE,FOREST_SURVEY_OF_INDIA_VIIRS,1,FF-020
GT-FF-020,MATCHED,2026-04-27,21.72948,73.21964,GUJARAT,BHARUCH,BHARUCH SUB FOREST DIVISION,JAGHADIYA RANGE,gujarat__bharuch,21.7293,73.22068,109.3,VIIRS_SNPP_SP,N,l,D,3.12,3.0,VERIFIED,FOREST,NOT_APPLICABLE,FOREST_SURVEY_OF_INDIA_VIIRS,1,FF-021
GT-FF-021,MATCHED,2026-04-26,30.45673,77.16294,HARYANA,AMBALA,AMBALA DIVISION,NARAINGARH RANGE,haryana__ambala,30.45654,77.16344,52.4,VIIRS_SNPP_SP,N,l,D,13.52,2.0,VERIFIED,FOREST,NOT_APPLICABLE,FOREST_SURVEY_OF_INDIA_VIIRS,1,FF-022
GT-FF-022,MATCHED,2026-04-10,28.124,77.34177,HARYANA,PALWAL,PALWAL DIVISION,PALWAL RANGE,haryana__palwal,28.12384,77.34209,36.1,VIIRS_SNPP_SP,N,l,D,3.8,1.0,VERIFIED,FOREST,NOT_APPLICABLE,FOREST_SURVEY_OF_INDIA_VIIRS,1,FF-023
GT-FF-025,MATCHED,2026-04-20,31.59282,76.59124,HIMACHAL PRADESH,HAMIRPUR,HAMIRPUR DIVISION,AGHAR RANGE,himachal_pradesh__hamirpur,31.59269,76.5915,28.6,VIIRS_SNPP_SP,N,n,D,3.33,1.0,VERIFIED,FOREST,NOT_APPLICABLE,FOREST_SURVEY_OF_INDIA_VIIRS,1,FF-024
