latitude,longitude,bright_ti4,scan,track,acq_date,acq_time,satellite,instrument,confidence,version,bright_ti5,frp,daynight,firms_source
12.67344,79.98261,333.41,0.62,0.54,2026-07-23,839,N,VIIRS,n,2.0NRT,298.78,5.3,D,VIIRS_SNPP_NRT
13.19946,80.29171,338.71,0.33,0.55,2026-07-23,839,N,VIIRS,n,2.0NRT,293.48,1.69,D,VIIRS_SNPP_NRT
13.20152,80.29202,342.76,0.33,0.55,2026-07-23,839,N,VIIRS,n,2.0NRT,293.61,3.96,D,VIIRS_SNPP_NRT
13.21387,80.26139,308.42,0.46,0.47,2026-07-27,1957,N,VIIRS,n,2.0NRT,287.12,3.4,N,VIIRS_SNPP_NRT
13.21473,80.26047,307.78,0.46,0.47,2026-07-27,1957,N,VIIRS,n,2.0NRT,287.24,2.69,N,VIIRS_SNPP_NRT
12.84878,79.90265,320.6,0.5,0.65,2026-07-28,1940,N,VIIRS,n,2.0NRT,284.81,1.97,N,VIIRS_SNPP_NRT
12.85486,79.90347,311.46,0.5,0.65,2026-07-28,1940,N,VIIRS,n,2.0NRT,285.09,1.97,N,VIIRS_SNPP_NRT
12.92848,80.18225,340.81,0.39,0.44,2026-08-14,828,N,VIIRS,n,2.0NRT,293.11,3.63,D,VIIRS_SNPP_NRT
13.13813,79.96019,341.06,0.39,0.44,2026-08-14,828,N,VIIRS,n,2.0NRT,290.79,4.8,D,VIIRS_SNPP_NRT
13.15892,80.28419,338.12,0.57,0.43,2026-08-15,2042,N,VIIRS,n,2.0NRT,291.24,11.5,N,VIIRS_SNPP_NRT
13.16287,80.28493,313.34,0.57,0.43,2026-08-15,2042,N,VIIRS,n,2.0NRT,290.47,5.01,N,VIIRS_SNPP_NRT
12.61864,80.07019,331.42,0.54,0.42,2026-08-16,750,N,VIIRS,l,2.0NRT,301.49,3.24,D,VIIRS_SNPP_NRT
12.66698,79.70408,331.27,0.4,0.37,2026-08-20,816,N,VIIRS,n,2.0NRT,298.22,1.45,D,VIIRS_SNPP_NRT
13.07203,79.95014,330.69,0.41,0.37,2026-08-20,816,N,VIIRS,n,2.0NRT,296.86,3.38,D,VIIRS_SNPP_NRT
13.03446,79.98067,295.71,0.41,0.37,2026-07-22,2010,N20,VIIRS,n,2.0NRT,269.51,0.23,N,VIIRS_NOAA20_NRT
13.21343,80.25954,306.52,0.38,0.36,2026-07-27,2019,N20,VIIRS,n,2.0NRT,290.28,2.36,N,VIIRS_NOAA20_NRT
12.84982,79.90521,328.55,0.57,0.43,2026-07-28,1957,N20,VIIRS,n,2.0NRT,289.22,6.33,N,VIIRS_NOAA20_NRT
12.85139,79.90334,330.05,0.57,0.43,2026-07-28,1957,N20,VIIRS,n,2.0NRT,289.42,6.18,N,VIIRS_NOAA20_NRT
12.88945,79.85281,305.1,0.38,0.43,2026-07-28,1957,N20,VIIRS,n,2.0NRT,287.0,0.87,N,VIIRS_NOAA20_NRT
13.18421,79.82563,303.98,0.39,0.44,2026-07-28,1957,N20,VIIRS,n,2.0NRT,284.27,1.44,N,VIIRS_NOAA20_NRT
13.20364,80.2969,304.89,0.55,0.42,2026-07-28,1957,N20,VIIRS,n,2.0NRT,282.56,1.36,N,VIIRS_NOAA20_NRT
13.07066,80.20023,309.22,0.48,0.48,2026-07-31,2042,N20,VIIRS,n,2.0NRT,290.78,0.72,N,VIIRS_NOAA20_NRT
12.80698,79.95535,331.35,0.38,0.36,2026-08-11,803,N20,VIIRS,l,2.0NRT,301.86,3.13,D,VIIRS_NOAA20_NRT
13.15991,80.28368,303.75,0.38,0.43,2026-08-11,2036,N20,VIIRS,n,2.0NRT,278.56,1.01,N,VIIRS_NOAA20_NRT
12.85167,79.90427,341.34,0.38,0.36,2026-08-12,2019,N20,VIIRS,n,2.0NRT,285.65,9.3,N,VIIRS_NOAA20_NRT
13.16184,80.28695,302.34,0.5,0.66,2026-08-15,2101,N20,VIIRS,n,2.0NRT,281.67,1.69,N,VIIRS_NOAA20_NRT
12.55336,80.08884,337.4,0.41,0.37,2026-08-16,809,N20,VIIRS,n,2.0NRT,301.82,3.09,D,VIIRS_NOAA20_NRT
12.61728,80.07069,335.41,0.41,0.37,2026-08-16,809,N20,VIIRS,n,2.0NRT,303.58,3.68,D,VIIRS_NOAA20_NRT
13.22706,80.0965,314.08,0.4,0.37,2026-08-17,2023,N20,VIIRS,n,2.0NRT,292.69,3.28,N,VIIRS_NOAA20_NRT
12.72135,79.78169,335.43,0.46,0.39,2026-08-21,816,N20,VIIRS,n,2.0NRT,298.23,3.63,D,VIIRS_NOAA20_NRT
12.79142,79.90376,332.75,0.47,0.4,2026-08-21,816,N20,VIIRS,n,2.0NRT,296.99,2.83,D,VIIRS_NOAA20_NRT
13.19979,80.29087,339.12,0.42,0.37,2026-07-23,803,N21,VIIRS,n,2.0NRT,301.0,7.64,D,VIIRS_NOAA21_NRT
13.1593,80.28482,303.57,0.6,0.53,2026-07-26,1942,N21,VIIRS,n,2.0NRT,270.7,0.66,N,VIIRS_NOAA21_NRT
12.84971,79.9048,309.31,0.58,0.52,2026-07-28,2044,N21,VIIRS,n,2.0NRT,285.11,2.26,N,VIIRS_NOAA21_NRT
12.85091,79.90571,311.94,0.57,0.52,2026-07-28,2044,N21,VIIRS,n,2.0NRT,285.05,1.91,N,VIIRS_NOAA21_NRT
12.8527,79.90166,295.89,0.61,0.71,2026-08-12,2104,N21,VIIRS,n,2.0NRT,259.57,1.75,N,VIIRS_NOAA21_NRT
12.85319,79.90437,301.93,0.61,0.71,2026-08-12,2104,N21,VIIRS,n,2.0NRT,259.75,1.47,N,VIIRS_NOAA21_NRT
12.8923,79.8503,307.39,0.41,0.37,2026-08-15,2006,N21,VIIRS,n,2.0NRT,283.07,1.16,N,VIIRS_NOAA21_NRT
13.16142,80.28265,304.07,0.49,0.65,2026-08-17,1928,N21,VIIRS,n,2.0NRT,287.6,3.98,N,VIIRS_NOAA21_NRT
